Hobart,HL600,Spiral Dough Hook
Hobart,AM15,Wash Pump Motor
Hobart,FP350,Slicing Blade
Vulcan,VC4GD,Oven Thermostat
Vulcan,SG4D,Griddle Plate
Vulcan,VEG35,Drain Valve
True,T-49,Door Gasket
True,GDM-23,LED Light Strip
True,TWT-48,Cutting Board
Rational,SCC101E,Water Filter
Rational,iCombi Pro 6,Moisture Sensor
Rational,iVario Pro L,Tilting Motor
Blodgett,CTB-1,Convection Fan Motor
Blodgett,1048,Deck Stone
Blodgett,KLS-40E,Agitator Paddle
Garland,MCO-E-5,Magnetron Tube
Garland,G36-6R,Range Top Grate
Garland,E24-48G,Griddle Element
Beverage-Air,UCR48A,Compressor
Beverage-Air,SPE48,Cutting Board Bracket
Beverage-Air,DD50,Beer Tower
Turbo Air,TSR-49SD,Slide Door Track
Turbo Air,MST-48,Magnetic Gasket
Turbo Air,JBT-36,Bottle Opener
Alto-Shaam,1200-TH,Holding Cabinet Element
Alto-Shaam,CTC7-20E,Touch Screen Display
Alto-Shaam,ED2-48,Merchandiser Light
Traulsen,RHT232,Shelf Support
Traulsen,UPT488,Prep Table Rail
Traulsen,G12010,Freezer Thermostat
Manitowoc,IYT0420A,Ice Machine Water Pump
Manitowoc,UDF0310A,Auger Motor
Manitowoc,QY0214A,Evaporator Plate
Scotsman,C0530SA,Cube Size Control
Scotsman,N0422,Nugget Extrusion Head
Scotsman,F0822,Flake Breaker
Hoshizaki,KM-515MAH,Float Switch
Hoshizaki,DCM-300BAH,Dispenser Solenoid
Hoshizaki,AM-50BAE,Mold Heater
Bunn,CWTF15,Brew Basket
Bunn,VPR,Hot Water Tank
Bunn,ICB,Digital Timer
Curtis,G3,Flow Meter
Curtis,TLP,Tea Dispenser Faucet
Curtis,TCO,Concentrate Pump
Fetco,CBS-2131XTS,Brew Logic Board
Fetco,L3D-15,Dispensing Handle
Fetco,GR-1.3,Grind Chamber
Grindmaster,890,Whipper Motor
Grindmaster,875,Beater Bar
Grindmaster,PIC-1,Mix Motor
Robot Coupe,R2N,S-Blade Assembly
Robot Coupe,CL50,Slicing Disc
Robot Coupe,CMP300,Variable Speed Control
Waring,WCT850,Toaster Element
Waring,MX1000,Blade Assembly
Waring,WSG30,Sharpening Disc
Hamilton Beach,HMD400,Spindle Agitator
Hamilton Beach,CPM700,Planetary Gear
Hamilton Beach,908,Blender Container
Vitamix,5200,Drive Socket
Vitamix,Vita-Prep 3,Blade Bearing
Vitamix,XL,Programmable Timer
Cambro,IBS20,Ingredient Bin Lid
Cambro,Ultra Bar,Speed Rail Bracket
Cambro,UPCH400,Digital Thermometer
Rubbermaid,FG9G7600,Prep Cart Cutting Board
Rubbermaid,FG401888,Wheel Assembly
Rubbermaid,9F13,ProServe Lid
Carlisle,1076107,Storplus Container Lid
Carlisle,609104,Dishwasher Rack
Carlisle,CM110302,Coldmaster Pan
Perlick,HP48RR,Glass Door Hinge
Perlick,FR48,Defrost Timer
Perlick,GMDS14X60,Sliding Door Track
Kelvinator,KCBM48R,Fan Motor Blade
Kelvinator,KCHRI81R,Interior Lamp
Kelvinator,KCFT96,Lid Spring Assembly
Master-Bilt,MB5720,Walk-In Panel Gasket
Master-Bilt,MBUR48,Handle Cartridge
Master-Bilt,BLG-50,LED Strip Light
Nor-Lake,PR332SSS,Walk-In Evaporator
Nor-Lake,NLUR48,Wire Shelf Clip
Nor-Lake,SSG48,Sandwich Unit Pan
Delfield,18SC39P,Cold Rail
Delfield,GUR48P,Door Cartridge
Delfield,F2952P,Hinge Plate
Duke,SUB-BD,Pan Divider Bar
Duke,ADI-1E,Infinite Control
Duke,E302M,Oven Light Socket
Wells,MOD100,Warmer Element
Wells,B-50,Charbroiler Grate
Wells,F-67,Fryer Thermostat
Vollrath,38005,Control Knob
Vollrath,40756,Slicer Blade Guard
Vollrath,1000,Mixer Bowl Guard
APW Wyott,M-83,Conveyor Chain
APW Wyott,HRS-31,Roller Tube
APW Wyott,FDL-18,Heat Lamp Bulb
Star,RCS-3,Roller Grill Bearing
Star,QCS-1,Conveyor Toaster Belt
Star,GX10IG,Grill Express Platen
Lang,136S,Range Burner Grate
Lang,GCCO-E,Steam Generator
Lang,248,Griddle Thermostat
Southbend,P32A,Platinum Burner
Southbend,SLGS/12SC,Convection Fan Belt
Southbend,14-32,Millivolt Generator
Market Forge,42,Water Column Gauge
Market Forge,ST-10E,Generator Element
Market Forge,F-40,Kettle Trunnion
Cleveland,SGL-30-T1,Agitator Arm
Cleveland,24CGM,Pressure Gauge
Cleveland,KGL-40,Jacketed Kettle Valve
Accutemp,E64803E,Steam Generator Coil
Accutemp,ACGLGTS-40,Power Tilt Motor
Accutemp,S6,Drain Manifold
Crown,EF-1,Electric Fryer Element
Crown,BPF-40,Pressure Gauge
Crown,SGO-2,Oven Burner
Imperial,ICRA-1,Chinese Range Jet
Imperial,IFS-40,Filter Motor
Imperial,IR-6,Burner Head
Bakers Pride,Y-600,Pizza Deck Stone
Bakers Pride,CH-14,Charbroiler Radiants
Bakers Pride,FC-616,Drive Sprocket
Middleby Marshall,PS360,Conveyor Belt
Middleby Marshall,PS570,Belt Tracking Sensor
Middleby Marshall,CTX,Magnetron Assembly
Lincoln,1116,Impinger Belt
Lincoln,2501,End Roller
Lincoln,1301,Belt Scraper
Ovention,Matchbox 1718,Oscillating Blower
Ovention,MiLO,Menu Touch Screen
Ovention,Shuttle S2600,Transfer System
TurboChef,NGC,Waveguide System
TurboChef,i3,Touch Screen Controller
TurboChef,HHC2020,Variable Speed Motor
Merrychef,eikon e4,USB Menu Port
Merrychef,402S,Microwave Guide
Merrychef,connex 16,Icon Display
Pitco,SG14,Fryer Thermostat
Pitco,35C+,Temperature Probe
Pitco,SSH55,Computer Controller
Dean,SR142G,Filter Pump Motor
Dean,SM50G,Melt Cycle Timer
Dean,CF130G,Oil Return Valve
Frymaster,MJ45,Heat Exchanger
Frymaster,H55,Ignition Module
Frymaster,RE17,Basket Hanger
Henny Penny,500C,Pressure Fryer Lid Latch
Henny Penny,OFE-290,Filter Screen
Henny Penny,PFE-500,Dead Weight Valve
Globe,GC512,Slicer Blade
Globe,GSP30,Carriage Assembly
Globe,G12,Thickness Gauge
Berkel,829E-PLUS,Ring Guard
Berkel,X13E-PLUS,Pusher Arm
Berkel,919,Knife Cover
Bizerba,GSP H,Product Table
Bizerba,SE12D,Blade Removal Tool
Bizerba,A404,Safety Ring
KitchenAid,KSM8990,Wire Whip
KitchenAid,KSMC895,Bowl Lift Handle
KitchenAid,K5SS,Speed Control Plate
Univex,SRM60,Planetary Assembly
Univex,M20,Bowl Guard
Univex,PREP30,Timer Assembly
Doyon,SM302,Spiral Mixer Hook
Doyon,AEF035,Safety Grid
Doyon,PIZ6,Control Panel
Somerset,CDR-1550,Dough Roller Chain
Somerset,SPM-45,Thickness Adjustment
Somerset,CDR-500F,Scraper Blade
Oliver,797,Bread Slicer Blade
Oliver,711,Crumb Tray
Oliver,732,Blade Guide
Baxter,PW20,Proofer Fan Motor
Baxter,OV850,Steam Pan
Baxter,MINI RACK,Door Latch
Revent,724,Oven Loader
Revent,626,Steam Tube
Revent,649HC,Damper Motor
Adamatic,ADR-2,Rack Rotation Motor
Adamatic,D2-2M,Door Seal Gasket
Adamatic,SH0612,Burner Assembly
LBC,LRO-1G,Rotating Hook
LBC,LMO-G,Glass Door
LBC,SPO-30,Interior Light
Piper,RO-1,Revolving Tray
Piper,OP-3,Drive Motor
Piper,DB-5,Temperature Gauge
US Range,U60-6RR,Oven Door Hinge
US Range,C836-36A,Pilot Orifice
US Range,UTOG-24,Rack Guide
American Range,AR-6,Heavy Duty Grate
American Range,AF-45,Gas Regulator
American Range,A36,Door Handle
Jade,JSR-36,Range Valve
Jade,JTRH-24,Burner Bowl
Jade,JGT-36,Back Guard
Royal,RRE-6,Electric Range Element
Royal,RR-4,Control Switch
Royal,RMG-24,Drip Bowl
Montague,136-5,Range Top Burner
Montague,V136,Oven Thermostat
Montague,2-115,Grate Support
MagiKitch'n,FM-SMB-636,Radiant Assembly
MagiKitch'n,MKG-60,Water Pan
MagiKitch'n,LPAGA-30,Burner Valve
Wolf,C36S,Infrared Burner
Wolf,C60SS,Convection Motor
Wolf,ACB36,Salamander Grid
Cecilware,TSG-2G,Twin Coffee Grinder Burr
Cecilware,GB-1,Hopper Lid
Cecilware,FE-75N,Timer Switch
Bloomfield,8571,Coffee Brewer Basket
Bloomfield,8742,Hot Water Faucet
Bloomfield,1222,Tank Heater
Newco,AKH-3,Airpot Brewer Funnel
Newco,GXF-8,Brew Timer
Newco,NKPP,Tank Assembly
Wilbur Curtis,TPC15T,Pour-Over Thermostat
Wilbur Curtis,G3,Server Stand
Wilbur Curtis,CAFE,Water Gauge
La Marzocco,GS3,Espresso Group Head
La Marzocco,Linea,Steam Valve
La Marzocco,FB80,Pressure Gauge
Nuova Simonelli,Appia II,Brew Boiler
Nuova Simonelli,Aurelia,Safety Valve
Nuova Simonelli,Oscar,Group Gasket
Rancilio,Classe 10,Heat Exchanger
Rancilio,Silvia,Solenoid Valve
Rancilio,Epoca,Sight Glass
UNIC,Stella,Pressure Switch
UNIC,Classic,Water Level Probe
UNIC,Diva,Anti-Vacuum Valve
Breville,BES870XL,Grinder Burr Set
Breville,BES920XL,Water Tank
Breville,BES990,Drip Tray Grid
Gaggia,Classic Pro,Aluminum Boiler
Gaggia,Brera,OPV Valve
Gaggia,Anima,Shower Screen
Rocket,Appartamento,E61 Group Head
Rocket,Giotto,Vibration Pump
Rocket,R58,Pressure Gauge
ECM,Synchronika,Dual Boiler
ECM,Mechanika,Rotary Pump
ECM,Technika,Flow Control
Profitec,Pro 700,Heat Exchanger
Profitec,Pro 500,Vacuum Breaker
Profitec,Pro 300,Safety Thermostat
Lelit,Bianca,Paddle Valve
Lelit,MaraX,Water Tank Float
Lelit,Elizabeth,LCC Display
Quick Mill,Vetrano 2B,Pressure Transducer
Quick Mill,Andreja,PID Sensor
Quick Mill,Alexia,NSF Tap
Bezzera,BZ10,Heating Element
Bezzera,Unica,Level Indicator
Bezzera,Matrix,Group Jet
Expobar,Brewtus,Pressure Relief
Expobar,Office,Sight Glass Tube
Expobar,Leva,Group Screen
Elektra,Micro Casa,Lever Piston
Elektra,Mini Verticale,Eagle Boiler
Elektra,Sixties,Chrome Dome
Olympia Express,Cremina,Manual Lever
Olympia Express,Maximatic,Pressure Gauge
Olympia Express,Club,Group Seal
Astoria,Rapallo,Touch Panel
Astoria,Storm,Steam Lever
Astoria,Perla,Group Head
Faema,E61,Thermosiphon
Faema,E98,Control Board
Faema,President,Hydraulic Group
Sanremo,Zoe,LED Display
Sanremo,Verona,Heat Exchanger
Sanremo,Opera,Multi-Boiler
Cimbali,M23,Volumetric Control
Cimbali,M39,Soft Infusion
Cimbali,M100,Thermal Balance
Jura,GIGA 6,Brew Unit
Jura,Z10,Milk System
Jura,E8,Bean Hopper
DeLonghi,PrimaDonna,Infuser Assembly
DeLonghi,Magnifica,Thermal Block
DeLonghi,Dinamica,Control Board
Saeco,Aulika,Ceramic Grinder
Saeco,Royal,Milk Frother
Saeco,PicoBaristo,Display Module
Miele,CM6350,Conical Grinder
Miele,CVA6805,Brew Chamber
Miele,CM5300,Milk Container
WMF,1500S,Flavor Station
WMF,9000S,Steam Jet
WMF,5000S,Bean Container
Franke,A800,Foam Master
Franke,A600,Grounds Container
Franke,S700,Cup Sensor
Thermoplan,Black&White4,Milk Module
Thermoplan,Black&White3,Grinder Motor
Thermoplan,CTM2,Piston Cylinder
Schaerer,Coffee Soul,Powder System
Schaerer,Coffee Art,Cup Warmer
Schaerer,Barista,Refrigeration Unit
Eversys,Enigma,Extraction Module
Eversys,Cameo,Super Steam
Eversys,Shotmaster,E'API Interface
Egro,ONE,Brewing Cylinder
Egro,NEXT,Milk Cooler
Egro,ZERO,Cup Station
Mahlkonig,K30,Grinding Burrs
Mahlkonig,EK43,Bag Clamp
Mahlkonig,E65S,Display Screen
Mazzer,Major,Doser Chamber
Mazzer,Super Jolly,Timer Switch
Mazzer,Mini,Hopper Gate
Eureka,Mignon,Silent Motor
Eureka,Atom,Touch Display
Eureka,Zenith,Cooling Fan
Baratza,Forte,Weight Based Dosing
Baratza,Sette,Cone Burr
Baratza,Vario,Ceramic Burr
Anfim,Super Caimano,Titanium Burrs
Anfim,SCODY II,Display Panel
Anfim,KS,Doser Lever
Compak,K10,Red Speed Motor
Compak,E8,Touch Screen
Compak,K3,Doser Spring
Fiorenzato,F64,Cooling System
Fiorenzato,F83,Electronic Display
Fiorenzato,F4,Micrometric Adjustment
Ditting,KR804,Cast Steel Burrs
Ditting,KR1203,Motor Brake
Ditting,KE640,Bag Holder
Victoria Arduino,Mythos 2,Clima Pro Technology
Victoria Arduino,Mythos 1,Clump Crusher
Victoria Arduino,MDX,Touch Display
Cunill,Tranquilo,Anti-Static System
Cunill,Luxomatic,Automatic Dosing
Cunill,Marfil,Safety Microswitch
Macap,M4D,Stepless Adjustment
Macap,M7K,Doser Chamber
Macap,MXD,Digital Timer
Rancilio,Rocky,Doserless Chute
Rancilio,MD40,Fork Switch
Rancilio,Kryo,Cooling System
San Remo,SR50,Grinding Disc
San Remo,SR70,Electronic Counter
San Remo,SR64,Hopper Shutter
Ceado,E37S,Silent Technology
Ceado,E92,Touch Display
Ceado,E5P,NSF Hopper
Nemco,55150B,PowerKut Ribbon
Nemco,6000A-1,Heat Lamp Assembly
Nemco,55100E,Easy Slicer Blade
Edlund,700,Can Opener Knife
Edlund,266,Gear Assembly
Edlund,401,Base Plate
Server,82060,Syrup Pump
Server,85330,Portion Control
Server,07000,Pump Tube
Tomlinson,1009382,Faucet Valve
Tomlinson,1000414,Spout Assembly
Tomlinson,1023634,Handle Lever
San Jamar,P4900,Portion Cup Dispenser
San Jamar,C4210WH,Spring Mechanism
San Jamar,SI5000,Mounting Collar
Dispense-Rite,ADJ-2,Cup Dispenser Spring
Dispense-Rite,WR-3,Collar Ring
Dispense-Rite,SLR-2,Base Gasket
Prince Castle,297-T,Bun Toaster Platen
Prince Castle,428-T,Release Sheet
Prince Castle,DHB,Timer Control
Merco Savory,FFHS16,Holding Station Element
Merco Savory,MHGF,Ceramic Plate
Merco Savory,22S,Pan Stop
Carter-Hoffmann,HL4-18,Heated Cabinet Fan
Carter-Hoffmann,CHB144,Transport Cart Wheel
Carter-Hoffmann,PH1825,Humidity Control
Hatco,GRPWS-2424,Glo-Ray Warmer Element
Hatco,TQ-400,Conveyor Belt
Hatco,GRSDS-24,Toggle Switch
Eagle,SGDI-2,Steam Table Well
Eagle,DHT4,Drain Valve
Eagle,SHT3,Element Ring
Advance Tabco,SW-2E,Electric Hot Well
Advance Tabco,HF-2E,Infinite Control
Advance Tabco,DTA-26,Spillage Pan
Metro,C5Z65,Holding Cabinet Fan
Metro,C539-CFC,Moisture Module
Metro,C595-NFC,Door Latch
Cres Cor,H-339-12-188C,Heating Element
Cres Cor,131-UA-11,Thermostat
Cres Cor,RO-131-FUA,Pan Slide
Win-Holt,NHPL-1836C,Heater Proofer Fan
Win-Holt,EC-1836-CTL,Water Pan
Win-Holt,PTRAN-1826,Control Timer
FWE,HLC-2127-7,Cook & Hold Element
FWE,LCH-1826-7,Digital Control
FWE,TS-1633-36,Door Handle
Moffat,E32D5,Turbofan Motor
Moffat,USP1,Oven Gasket
Moffat,G32D5,Timer Module
Unox,XEVC-0511-E1R,ChefTop Element
Unox,XAVC-0311-E,Touch Control
Unox,XEBC-06EU-E,Door Seal
Convotherm,C4ED6.10ES,EasyDial Control
Convotherm,C4ED10.20ES,Fan Wheel
Convotherm,C4ED12.20ES,Steam Valve
BKI,LGF-FC,Pressure Fryer Lid
BKI,CTG,Computer Control
BKI,FKM-FC,Filter Motor
Eloma,Multimax B 6-11,Steam Generator
Eloma,Genius T 10-11,Core Probe
Eloma,Joker B 6-23,Door Lock
Cleveland,SGL-30-T1,Kettle Motor
Cleveland,24CGM,Steam Gasket
Cleveland,KGL-40,Agitator Arm
Fagor,CW-101E,Dishwasher Pump Motor
Fagor,CO-110W,Wash Arm
Fagor,AD-120W,Rinse Solenoid
Moyer Diebel,301HT,High Temp Booster
Moyer Diebel,401HT,Spray Nozzle
Moyer Diebel,501HT,Tank Heater
Champion,44 PRO,Conveyor Drive
Champion,64,Wash Manifold
Champion,86,Rinse Pump
CMA,CMA-180VL,Ventless Door
CMA,L-1X,Condensate Fan
CMA,AH,Wash Pump Seal
Jackson,DishStar LT,Low Temp Pump
Jackson,Avenger HT,Chemical Feeder
Jackson,TempStar,Door Latch
Jet-Tech,X-33,Wash Arm Assembly
Jet-Tech,F-18DP,Booster Tank
Jet-Tech,EV-18,Rinse Injector
Noble Warewashing,UH30-E,Energy Recovery
Noble Warewashing,HT-180,Pump Impeller
Noble Warewashing,GT,Control Timer
Sammic,X-100,Peristaltic Pump
Sammic,X-120,Door Micro Switch
Sammic,X-80,Tank Filter
Stero,SD3,Conveyor Belt
Stero,SCT-44,Drive Motor
Stero,SCT-66,Wash Curtain
Insinger,RL-30,Revolving Door
Insinger,CX-20,Spray Manifold
Insinger,Speedray,Tank Heater
Meiko,M-iClean UM,PLC Controller
Meiko,DV80.2,Heat Recovery
Meiko,K200,Wash Field
Winterhalter,UC-M,MediaMat Filter
Winterhalter,PT-M,VarioPower Pump
Winterhalter,GS502,TwinSet Tank
Electrolux,WT90ERB,Green&Clean System
Electrolux,NHT8,WASH-SAFE Control
Electrolux,WTU40,Atmosfera Device
Poweroak,PNP-2000,Pulper Rotor
Poweroak,PNPX-3000,Water Nozzle
Poweroak,PNP-1500,Extract Screw
Salvajor,500-CA,Collector Body
Salvajor,750-CA,Disposer Motor
Salvajor,1000-CA,Shredder Ring
InSinkErator,SS-1000,Grinding Chamber
InSinkErator,SS-500,Motor Capacitor
InSinkErator,SS-750,Splash Baffle
Waste King,2000,Turntable Assembly
Waste King,9000,Cutter Blade
Waste King,5000,Discharge Elbow
Somat,SM2000,Pulping Chamber
Somat,SMART,Extraction Press
Somat,B3500,Feed Hopper
Kolpak,P6-0810-CT,Walk-In Door Gasket
Kolpak,P7-0812-FT,Evaporator Fan
Kolpak,KF7-0810-FR,Door Heater Wire
Koolaire,KDT0500A,Ice Thickness Probe
Koolaire,KDT0420A,Cleaning Valve
Koolaire,KDT0300A,Fan Motor
Kold-Draft,GT364AC,Full Cube Cell
Kold-Draft,GB564AC,Water Plate
Kold-Draft,GT224AC,Harvest Valve
Ice-O-Matic,ICE0400HA,Harvest Assist
Ice-O-Matic,ICE0500HT,Water Inlet Valve
Ice-O-Matic,ICE0250HA,Evaporator Thermostat
Follett,7CI100A,Ice Maker Evaporator
Follett,7UD100A,Water Pump
Follett,12CI425A,Harvest Motor
SerVend,2705,Ice Dispenser Motor
SerVend,MDH-302,Paddle Wheel
SerVend,SV-250,Gear Motor
Lancer,85-4545-111,Dispense Valve
Lancer,82-4090,Flow Control
Lancer,85-3053,Carbonator Pump
Cornelius,ED 150,Post-Mix Valve
Cornelius,Enduro 250,Ratio Pump
Cornelius,WCC500,Cold Plate
Multiplex,Flavor Fusion,Syrup Module
Multiplex,Blend-In-Cup,Touch Panel
Multiplex,Python,Ice Bin Probe
Atosa,YR450-AP-161,Ice Storage Door
Atosa,MCF8707,Scoop Holder
Atosa,MGF8401,Drain Assembly
Avantco,19352141,Ice Bin Thermostat
Avantco,178CFD47HC,Agitator Motor
Avantco,177MCF49HC,Dispense Wheel
Turbo Air,TSR-49SD,Anti-Condensate Heater
Turbo Air,MST-48,Hinge Pin
Turbo Air,JBT-36,Wire Basket
QBD,QUCF-42,Compressor Start Relay
QBD,QPM-48,Prep Table Lid
QBD,QUR-48,Condenser Fan Motor
Arctic Air,AUC48R,Door Handle
Arctic Air,AWR25,Temperature Controller
Arctic Air,APT44R,Cutting Board
Kool-It,KGM-13,Display Door Gasket
Kool-It,KPT-50-2,Pan Rail
Kool-It,KUC-48-2,Shelf Bracket
Maxx Cold,MCR-49FD,Glass Door
Maxx Cold,MXCR-23FD,LED Light
Maxx Cold,MCF-48FD,Freezer Thermostat
Everest,ESGR2,Solid Door Gasket
Everest,EPPR2,Pizza Prep Rail
Everest,EMGR24,Merchandiser Shelf
Ikon,IKN-RG-36,Grill Grate
Ikon,IKN-RB-24,Radiant Baffle
Ikon,IKN-IR-6-36,Oven Rack
Omcan,CE-CN-0018-S,Slicer Blade
Omcan,MS-IT-0330-C,Meat Saw Blade
Omcan,PM-IT-0010,Mixer Attachment
Admiral Craft,BDECTC-120,Conveyor Motor
Admiral Craft,COH-2670W,Hot Plate Element
Admiral Craft,FW-1200WF,Food Warmer Thermostat
Kratos,29M-028,Refrigeration Compressor
Kratos,69K-062,Prep Table Pan
Kratos,40W-119,Work Table Leg
Migali,C-49RM,Door Closer Spring
Migali,G3-48,Griddle Plate
Migali,C-SP60-18M,Mega Top Pan
Central Restaurant,69298,Dough Roller Belt
Central Restaurant,30776,Meat Grinder Plate
Central Restaurant,69244,Mixer Bowl
Skyfood,ABS,Slicer Sharpener
Skyfood,SMG-50,Grinder Knife
Skyfood,CRM-20,Mixer Hook
Update International,EP-6,Steam Pan
Update International,EGS-1018,Grill Scraper
Update International,APT-20,Thermometer Probe
Thunder Group,SEJ50000,Rice Warmer Element
Thunder Group,SEB22733,Soup Kettle Insert
Thunder Group,GLP-A012,Charbroiler Rock Grate
Winco,ESA-12,Sneeze Guard Glass
Winco,EFS-16,Fryer Basket
Winco,EDS-18S,Display Stand Shelf
TableCraft,104,Condiment Pump
TableCraft,H3004,Butter Spreader
TableCraft,953,Syrup Dispenser Top
FMP,102-1141,Pilot Burner
FMP,190-1000,Thermometer
FMP,253-1000,Faucet Cartridge
AllPoints,26-1427,Heating Element
AllPoints,51-1401,Door Gasket
AllPoints,56-1317,Temperature Control
Component Hardware,R50-1100,Spray Valve
Component Hardware,K50-1002,Drain Assembly
Component Hardware,A60-1020,Faucet Handle
CHG,K55-8108-C1,Pre-Rinse Assembly
CHG,R55-1010,Swivel Adapter
CHG,KL55-9008,Wall Bracket
T&S Brass,B-0107,Pre-Rinse Unit
T&S Brass,B-0133,Mixing Valve
T&S Brass,B-1100,Spray Head
Fisher,2901,Faucet Spout
Fisher,3010,Valve Body
Fisher,2915,Handle Assembly
Dormont,1650NPKIT,Gas Connector
Dormont,R48,Pressure Regulator
Dormont,SRV250,Safety Relief Valve
BK Resources,BKF-WB,Wall Bracket
BK Resources,BK-ADR,Add-On Faucet
BK Resources,BK-FSS,Foot Valve
Encore,KL50-X,Faucet Body
Encore,Z6-2000,Spout Assembly
Encore,KN55,Handle Kit
John Boos,PB-AD,Adaptor Drainboard
John Boos,EFT8-3014,Table Leg
John Boos,DSS11,Shelf Support
GSW,HS-2017K,Wok Range Burner
GSW,VS-2132,Sink Drain
GSW,DN-T240,Table Foot
Nella,10113,Meat Grinder Auger
Nella,10947,Slicer Guard
Nella,13164,Mixer Beater
MVP Group,KCHM-36-2,Cheese Melter Element
MVP Group,F-45-GS,Fryer Valve
MVP Group,IX-C-36,Griddle Burner
Equipex,PCC-400,Crepe Maker Element
Equipex,SAV-G,Panini Grill Plate
Equipex,RSP-200,Pizza Stone
Gold Plus,GP-101,Glass Washer Pump
Gold Plus,GP-201,Dishwasher Arm
Gold Plus,GP-301,Rinse Nozzle
Klingers,UCS-1000,Slicer Motor
Klingers,IC-6,Immersion Circulator Element
Klingers,WH-10,Water Heater Thermostat
Dynamic,MX010,Mixer Shaft
Dynamic,CF013,Blender Coupling
Dynamic,SM265,Salad Spinner Motor
Fleetwood,E-250V,Mixer Variable Speed
Fleetwood,PZA-3000,Pizza Roller Chain
Fleetwood,IL PRIMO,Slicer Carriage
Estella,SM20,Mixer Timer
Estella,EDS18,Dough Sheeter Belt
Estella,ESP12,Pizza Press Platen
Sirman,CUTTER C6VV,Bowl Cutter Blade
Sirman,MIXER PLUTONE 20,Planetary Shaft
Sirman,SLICER MIRRA 300,Blade Sharpener
Sammic,CA-301,Vegetable Cutter Disc
Sammic,BM-5,Mixer Whisk
Sammic,SL-350,Slicer Pusher
Santos,10,Juicer Motor
Santos,28,Blender Jar
Santos,50,Grinder Burr
Roband,GSA610S,Grill Plate
Roband,TC55,Toaster Element
Roband,BM2,Bain Marie Tank
Roller Grill,RBE 25,Waffle Maker Grid
Roller Grill,VVC 1400,Contact Grill Timer
Roller Grill,MG 450,Gyro Motor
Bartscher,104903,Salamander Element
Bartscher,200207,Griddle Scraper
Bartscher,110403,Oven Fan Motor
Modular,70/70CFG,Gas Fryer Valve
Modular,90/90TPFC,Pasta Cooker Basket
Modular,70/40CEV,Steamer Door
Mareno,NFG7-4,Fryer Thermostat
Mareno,NCG7-4,Griddle Plate
Mareno,NSG7-4,Stock Pot Burner
Giorik,CG710,Combi Grill Element
Giorik,FG4107,Fryer Control
Giorik,BE701,Bratt Pan Lid
Zanussi,FCF101,Combi Oven Fan
Zanussi,FRG7F,Grill Radiant
Zanussi,EBP7,Boiling Pan Tap
MBM,C710,Charcoal Grill Grate
MBM,FE05,Fryer Element
MBM,VC01,Vegetable Cutter Motor
Silanos,E50,Dishwasher Pump
Silanos,N700,Glasswasher Arm
Silanos,E1000,Wash Pump Motor
Comenda,LF320,Dishwasher Control
Comenda,AC2,Conveyor Motor
Comenda,F3,Filter Assembly
Mach,MS9235,Glasswasher Rinse Arm
Mach,MST110,Wash Tank Heater
Mach,MB415,Basket Support
ATA,B02,Bar Dishwasher Pump
ATA,ALP55,Wash Arm Bearing
ATA,AF55,Rinse Booster
Project,P3500,Dishwasher Timer
Project,HT50,High Temp Thermostat
Project,DD400,Detergent Dispenser
Rhima,DR50,Rinse Pump
Rhima,WD6,Wash Motor
Rhima,UF4,Filter Screen
Veetsan,200HT,High Temp Element
Veetsan,STAR2,Spray Arm
Veetsan,300LT,Low Temp Pump
La San Marco,85,Group Head Gasket
La San Marco,95,Steam Valve Assembly
La San Marco,20/20,Water Level Probe
Casadio,Undici,Brew Boiler
Casadio,Dieci,Steam Wand
Casadio,Due,Pressure Gauge
Fiamma,Atlantic II,Heat Exchanger
Fiamma,Compass,Safety Valve
Fiamma,Marina,Group Screen
Brasilia,Portofino,Volumetric Flowmeter
Brasilia,Gradisca,Steam Tap
Brasilia,Roma,Brew Valve
Wega,Pegaso,E61 Group
Wega,Polaris,Touch Pad
Wega,Nova,PID Controller
Vibiemme,Domobar,Group Thermometer
Vibiemme,Replica,Lever Group
Vibiemme,Lollo,Pressure Switch
BFC,Lira,Automatic Group
BFC,Perfetta,Level Controller
BFC,Junior,Steam Valve
Fiorenzato,CS1,Electronic Grinder Board
Fiorenzato,CS2,Grinding Chamber
Fiorenzato,CS3,Doser Assembly
Quamar,M80,Conical Burr
Quamar,Q50,Timer Module
Quamar,T48,Hopper Lid
Ascaso,i-1,Grinder Chute
Ascaso,i-2,Burr Adjustment
Ascaso,i-steel,Portafilter Fork
Talsa,H330,Bowl Chopper Knife
Talsa,K552,Meat Mixer Paddle
Talsa,W114,Grinder Plate
Biro,1433,Meat Saw Blade
Biro,3334,Upper Wheel
Biro,6642,Blade Guide
Hollymatic,180A,Patty Machine Mold
Hollymatic,HI-280,Fill Cylinder
Hollymatic,54/25,Knockout Assembly
Butcher Boy,TCA22,Grinder Head
Butcher Boy,SA36,Band Saw Motor
Butcher Boy,250L/UC,Mixer Arm
Brice,CM30A,Meat Cuber Blade
Brice,FH500,Tenderizer Comb
Brice,AH700,Strip Cutter Blade
Pro-Cut,KS-116,Tenderizer Motor
Pro-Cut,KSP-116,Safety Cover
Pro-Cut,FBS-08,Portion Scale
Gaser,P500,Pizza Dough Roller
Gaser,R30,Rounder Cone
Gaser,D45,Divider Knife
Ferneto,PK45,Pizza Press Platen
Ferneto,PM35,Mixer Spiral
Ferneto,FR30,Dough Rounder
AMPTO,SM-302,Spiral Mixer Hook
AMPTO,DS-12,Dough Sheeter Roller
AMPTO,VCM-44,Vertical Cutter Bowl
Presto,PM-10,Pizza Oven Door
Presto,PS-12,Slicer Blade
Presto,PD-35,Dough Docker
Moretti Forni,P80E,Pizza Stone
Moretti Forni,T64E,Oven Light
Moretti Forni,X100E,Control Board
OEM,DOMITOR730DG,Deck Oven Stone
OEM,MB60,Proofer Control
OEM,SM80,Mixer Bowl
Sveba Dahlen,D300,Deck Damper
Sveba Dahlen,S400,Steam Generator
Sveba Dahlen,V51,Vent Motor
Mono,BX Eco Touch,Oven Control
Mono,Harmony,Steam Tube
Mono,Classic,Door Handle
MIWE,Aeromat,Baking Timer
MIWE,Ideal,Loader Arm
MIWE,Condo,Stone Plate
Zanolli,Teorema Polis,Gas Burner
Zanolli,Citizen,Pizza Deck
Zanolli,Teorema Ã€nemos,Fan Motor
Tagliavini,2T,Rotary Hook
Tagliavini,Tmax,Oven Trolley
Tagliavini,Roto,Steam Valve
WP Bakery,MATADOR,Deck Lifter
WP Bakery,Rototherm,Rotation Motor
WP Bakery,L800,Loader Chain
Kornfeil,IMPRESSION,Rack Wheel
Kornfeil,K3,Oven Seal
Kornfeil,WAVE,Water Injection
Eberhardt,LASSIE,Proving Cabinet Fan
Eberhardt,TERRIER,Humidity Sensor
Eberhardt,MUSTANG,Temperature Probe
Sottoriva,COLLI,Divider Piston
Sottoriva,VELA,Moulder Belt
Sottoriva,BISCUIT,Sheeter Roller
VMI,SPI,Spiral Bowl
VMI,ROLL eX,Divider Blade
VMI,PRIMA,Mixer Tool
JAC,DIV,Divider Weight
JAC,FACE,Shaper Former
JAC,MOUL,Moulder Chain
Pavailler,Opalin,Deck Stone
Pavailler,Cristal,Steam Injector
Pavailler,Rubis,Oven Loader
Bertrand,SATURNE,Planetary Mixer Arm
Bertrand,SIRIUS,Spiral Hook
Bertrand,ORION,Bowl Scraper
Diosna,WH240A,Wendel Mixer Shaft
Diosna,SPV120,Spiral Arm
Diosna,P200,Lift Column
Kemper,QUADRO,Dough Sheeter Belt
Kemper,SPM75,Spiral Mixer Hook
Kemper,SP125,Bowl Lifter
Rademaker,LAMINATOR,Sheeting Roller
Rademaker,CRUSTO,Dough Band
Rademaker,MULTILINE,Conveyor Belt
Fritsch,ROLLFIX,Sheeter Roller
Fritsch,MULTILINE,Cutting Station
Fritsch,IMPRESSA,Stamping Tool
Glimek,MR200,Mixer Bowl
Glimek,GD2,Divider Knife
Glimek,CM100,Conical Rounder
Varimixer,W60,Whisk Attachment
Varimixer,RN30,Bowl Trolley
Varimixer,AR100,Mixer Motor
Pietroberto,T60,Sheeter Belt
Pietroberto,T80,Roller Adjustment
Pietroberto,T40,Flour Duster
Sinmag,SM-201,Planetary Head
Sinmag,SM-401K,Bowl Elevator
Sinmag,SM-100,Safety Guard
Belshaw,Mark II,Donut Plunger
Belshaw,Type B,Fryer Screen
Belshaw,724FG,Glazer Belt
Donut Robot,DR-42,Forming Head
Donut Robot,DR-50,Cutter Assembly
Donut Robot,DR-42B,Oil Pump
Lil' Orbits,SS1200,Mix Hopper
Lil' Orbits,2400,Heat Control
Lil' Orbits,1600,Dropper Head
Dutchess,DUT/BM-36,Bun Divider Knife
Dutchess,DIV36,Pressure Plate
Dutchess,BMR-36,Rounding Plate
AM Manufacturing,PS-97,Pizza Spinner Belt
AM Manufacturing,CDS-14,Dough Sheeter Roller
AM Manufacturing,ADR-120,Divider Rounder Cone
Empire,MBS-60,Bowl Scraper
Empire,R3000,Reversible Sheeter
Empire,EP2,Pizza Press
DoughXpress,DXE-SS,Pizza Press Platen
DoughXpress,DXA-SS,Air Compressor
DoughXpress,DXP-PH,Press Handle
ProBake,IFC-111,Intermediate Proofer
ProBake,DME-40,Dough Mixer
ProBake,DS-20P,Dough Sheeter
Moline,330,Pan-O-Mat Head
Moline,A95,Divider Weight
Moline,620,Rounder Cone
Reed,R750,Rounder Motor
Reed,M6,Moulder Belt
Reed,2080,Panning Cups
Koenig,REX FUTURA,Divider Scaling
Koenig,ARTISAN,Moulding Board
Koenig,ECO 8000,Proofer Climate
WP Haton,COBRA,Make-Up Line Belt
WP Haton,SWING,Depositor Nozzle
WP Haton,MULTICUT,Cutting Wire
Kaak,MPS,Multi Purpose System
Kaak,UDL,Universal Dough Line
Kaak,IBL,Industrial Bread Line
Mecnosud,WFM050,Water Meter
Mecnosud,FOR12P,Fork Mixer Tool
Mecnosud,ARM080,Arm Lifter
Canol,OLIS60,Oil Sprayer
Canol,SILO25,Flour Silo Valve
Canol,DOS50,Dosing System
Salva,L-500,Laminating Line
Salva,OVEN TP,Touch Panel
Salva,NXA,Steam System
Forni Fiorini,ROTOR,Rotating Platform
Forni Fiorini,STATIC,Deck Surface
Forni Fiorini,BISCUIT,Cookie Depositor
Castelli,TUNNEL OVEN,Conveyor Chain
Castelli,DECK FC,Ceramic Fiber
Castelli,ROTARY RC,Hook System
Bongard,8.64,Deck Crown
Bongard,ORION,Rack Oven Fan
Bongard,OMEGA,Loader System
Danmatic,MULTIROUNDER,Rounding Chamber
Danmatic,STRESSFREE,Intermediate Belt
Danmatic,SOFTLINE,Dividing System
Benier,MAJOR 80,Pocket System
Benier,BDA,Automatic Divider
Benier,CM,Conical Chamber
Kumkaya,DOUGH CHEF,Spiral Arm
Kumkaya,PAN PERFECT,Pan Gripper
Kumkaya,SHEETER PRO,Roller System
Tekno Stamap,T500,Sheeter Roller
Tekno Stamap,P300,Pizza Former
Tekno Stamap,D200,Divider Chamber
Ferneto,FR30,Bowl Motor
Ferneto,FD20,Divider Piston
Ferneto,FM10,Mixer Timer
Colbake,TOPLINE,Oven Loader
Colbake,AUTOBAKE,Program Control
Colbake,STEAMTUBE,Steam Generator
Supertino,SFERA,Rounder Cone
Supertino,DROP,Divider Weight
Supertino,MIX,Spiral Tool
Panem,DIVIFORM,Divider Former
Panem,VOLUMETRIC,Scaling System
Panem,TRADITION,Stone Hearth
Caplain,CAPWAY,Transport System
Caplain,TRADITION,Wood Scraper
Caplain,MECANIX,Mechanical Arm
Bakemax,BMPS60,Proofer Element
Bakemax,BMDR20,Divider Rounder
Bakemax,BMSM20,Mixer Shaft
Dough Tech,DT500,Bowl Lifter
Dough Tech,DT300,Spiral Hook
Dough Tech,DT100,Control Timer
Baker Perkins,TWEEDY,Mixer Blade
Baker Perkins,ACCURIST,Scaling Unit
Baker Perkins,ROTOMOULD,Moulding Drum
APV Baker,TROMP,Depositor Head
APV Baker,MULTILINE,Cutting Device
APV Baker,BENIER,Pocket Proofer
IPEKA,FA200,Flour Sifter
IPEKA,BA500,Bowl Arm
IPEKA,TA100,Timer Assembly
Topos Mondial,DESY,Depositor System
Topos Mondial,B40,Bowl Mixer
Topos Mondial,D2,Divider Unit
Sancassiano,ALPHA BOWL,Bowl System
Sancassiano,SR SPIRAL,Reinforced Spiral
Sancassiano,FX FORK,Fork Tool
Alba,DOGE60,Spiral Dough Hook
Alba,PAN80,Planetary Arm
Alba,LUX20,Control Luxmeter
Jufeba,RONDO,Dough Sheeter
Jufeba,CROISSANT,Laminator
Jufeba,ECOLINE,Budget Sheeter
Rondo,SELEX,Satellite Head
Rondo,CROMASTER,Croissant Line
Rondo,SMARTLINE,Control System
SEEWER RONDO,SSO,Sheeting System
SEEWER RONDO,MLC,Make-up Line
SEEWER RONDO,ASTec,Automation Tech
Konig,ARTISAN SDR,Stress-free Divider
Konig,FUTURA,Divider Rounder
Konig,INDUSTRIE REX,Industrial Divider
Werner Pfleiderer,MATADOR,Deck System
Werner Pfleiderer,IDEAL,Multi-deck
Werner Pfleiderer,VARIO,Variable System
Winkler,KRONOS,Time Control
Winkler,ATLAS,Heavy Duty Arm
Winkler,VEGA,Variable Speed
Esmach,GIOTTO,Italian Spiral
Esmach,LEONARDO,Lever Mixer
Esmach,MICHELANGELO,Master Control
Dito Sama,PREP4YOU,Prep System
Dito Sama,BE5,Cutter Blade
Dito Sama,TRK55,Vegetable Dicer
Hallde,RG-350,Vegetable Prep Motor
Hallde,VCB-32,Vertical Cutter
Hallde,CC-34,Combi Cutter
Electrolux Professional,TR260,Vegetable Slicer
Electrolux Professional,TRS,Cutting Disc
Electrolux Professional,K120,Cutter Mixer
Zanussi Professional,MFC10,Multi Function
Zanussi Professional,VCM30,Vertical Cutter
Zanussi Professional,FP605,Food Processor
RATIONAL,SCC 5 Senses,Cooking Intelligence
RATIONAL,VarioCooking Center,Tilt Mechanism
RATIONAL,UltraVent,Condensation Hood
CONVOTHERM,maxx pro,Auto Clean
CONVOTHERM,mini,Space Saver Door
CONVOTHERM,4,EasyTouch Control
UNOX,Mind.Maps,Adaptive Tech
UNOX,ChefLux,Manual Control
UNOX,BakerLux,Baking Program
ANGELO PO,Combistar,Touch Screen
ANGELO PO,FX,Multi Cook
ANGELO PO,Icooker,Induction Tech
RETIGO,Blue Vision,Vision Control
RETIGO,Orange Vision,Standard Touch
RETIGO,DeliMaster,Deli Program
MKN,FlexiChef,Flexible Cooking
MKN,SpaceCombi,Compact Design
MKN,FlexiRack,Rack System
LAINOX,Naboo,Cloud Connected
LAINOX,Sapiens,Smart Cooking
LAINOX,Compact,Space Efficient
GIORIK,Steambox Evolution,Steam System
GIORIK,Sehg,High Efficiency
GIORIK,Kore,Core Technology
FAGOR,Innovation,Innovative Control
FAGOR,Advance,Advanced System
FAGOR,Concept,Concept Design
BARON,Queen9,900 Series
BARON,700